Model,Accuracy,Precision,Recall,F1-Score,Execution Time (s)
Hugging Face,0.86,0.85,0.8095238095238095,0.8292682926829268,11.374266386032104
VADER,0.68,0.5862068965517241,0.8095238095238095,0.68,0.28626132011413574
TextBlob,0.59,0.5066666666666667,0.9047619047619048,0.6495726495726496,0.1542496681213379
